{
  "high": 4072.95000000,
  "last": 3999.48000000,
  "low": 3562.90000000,
  "open": 3655.56000000,
  "volume": 29345.39170255,
  "volume_30day": 447043.36757766
}